-- phpMyAdmin SQL Dump
-- version 5.0.3
-- https://www.phpmyadmin.net/
--
-- 主机： 127.0.0.1
-- 生成日期： 2020-11-03 10:26:39
-- 服务器版本： 10.4.14-MariaDB
-- PHP 版本： 7.4.11

SET SQL_MODE = "NO_AUTO_VALUE_ON_ZERO";
START TRANSACTION;
SET time_zone = "+00:00";


/*!40101 SET @OLD_CHARACTER_SET_CLIENT=@@CHARACTER_SET_CLIENT */;
/*!40101 SET @OLD_CHARACTER_SET_RESULTS=@@CHARACTER_SET_RESULTS */;
/*!40101 SET @OLD_COLLATION_CONNECTION=@@COLLATION_CONNECTION */;
/*!40101 SET NAMES utf8mb4 */;

--
-- 数据库： `user`
--

-- --------------------------------------------------------

--
-- 表的结构 `member`
--

CREATE TABLE `member` (
  `m_account` varchar(20) NOT NULL,
  `m_password` varchar(20) NOT NULL,
  `m_name` varchar(15) NOT NULL,
  `img` varchar(255) NOT NULL
) ENGINE=InnoDB DEFAULT CHARSET=utf8mb4;

--
-- 转存表中的数据 `member`
--

INSERT INTO `member` (`m_account`, `m_password`, `m_name`, `img`) VALUES
('CCH2', '24632000', '臺中澄清醫院', '澄清logo_0'),
('CMUH3', '22052121', '臺中中國醫藥大學附設醫院', '中國醫'),
('LSH4', '22586688', '臺中林新醫院', '林新_0'),
('TVGH1', '23592525', '臺中榮民總醫院', 'TVGH\r\n');

-- --------------------------------------------------------

--
-- 表的结构 `report`
--

CREATE TABLE `report` (
  `r_Id` varchar(30) NOT NULL,
  `r_Unit` varchar(6) NOT NULL,
  `r_Plate` varchar(11) NOT NULL,
  `r_Check` varchar(10) NOT NULL,
  `r_Time` datetime NOT NULL,
  `r_Done` varchar(2) NOT NULL DEFAULT '0',
  `r_member` varchar(11) NOT NULL
) ENGINE=InnoDB DEFAULT CHARSET=utf8mb4;

--
-- 转存表中的数据 `report`
--

INSERT INTO `report` (`r_Id`, `r_Unit`, `r_Plate`, `r_Check`, `r_Time`, `r_Done`, `r_member`) VALUES
('08162976147432535', '中山91', '2357-YR', '3', '2020-11-03 17:01:15', '1', 'TVGH1'),
('12963283174547605', '四平92', '2677-YR', '2', '2020-11-03 17:25:14', '0', 'CCH2'),
('14357512864267390', '東山93', '0367-FD', '2', '2020-11-03 17:24:49', '0', 'CMUH3'),
('14367781690325254', '中山91', '2357-YR', '5', '2020-11-03 17:24:44', '0', 'TVGH1'),
('16154842265337709', '中山91', '2357-YR', '2', '2020-11-03 16:59:36', '0', 'CMUH3'),
('21605596348473721', '文昌91', '5480-GT', '2', '2020-11-03 17:00:37', '0', 'LSH4'),
('22774186395510364', '中山91', '2357-YR', '3', '2020-11-03 17:25:45', '0', 'CCH2'),
('26560812197357344', '中山91', '2357-YR', '2', '2020-11-03 17:01:10', '0', 'CMUH3'),
('27529403864311765', '中山91', '2357-YR', '3', '2020-11-03 17:25:35', '0', 'LSH4'),
('27932154437668015', '東山93', '0367-FD', '2', '2020-11-03 17:01:00', '0', 'CCH2'),
('29667515842433170', '文昌91', '5480-GT', '5', '2020-11-03 17:24:34', '0', 'LSH4'),
('30158162673745294', '東山93', '0367-FD', '5', '2020-11-03 17:00:45', '0', 'CCH2'),
('31534275608761492', '東山93', '0367-FD', '1', '2020-11-03 17:00:27', '0', 'CCH2'),
('34028171439257656', '東山93', '0367-FD', '2', '2020-11-03 17:25:04', '0', 'TVGH1'),
('36916503721587442', '文昌91', '5480-GT', '5', '2020-11-03 17:00:22', '0', 'TVGH1'),
('37192641634057528', '四平92', '2677-YR', '5', '2020-11-03 16:59:47', '0', 'CCH2'),
('37416329541520687', '東山93', '0367-FD', '2', '2020-11-03 17:24:18', '0', 'CMUH3'),
('38221456679347051', '中山91', '2357-YR', '1', '2020-11-03 17:24:29', '0', 'TVGH1'),
('41895334225061767', '文昌91', '5480-GT', '5', '2020-11-03 17:24:59', '0', 'LSH4'),
('42271930567485631', '四平92', '2677-YR', '2', '2020-11-03 17:00:07', '0', 'CMUH3'),
('44681260733579152', '東山93', '0367-FD', '3', '2020-11-03 16:59:57', '0', 'TVGH1'),
('45067193422837651', '文昌91', '5480-GT', '4', '2020-11-03 17:25:30', '0', 'LSH4'),
('45416873962710235', '中山91', '2357-YR', '4', '2020-11-03 17:01:20', '0', 'CMUH3'),
('48631125256739047', '四平92', '2677-YR', '3', '2020-11-03 17:25:50', '0', 'LSH4'),
('52707452836419631', '文昌91', '5480-GT', '3', '2020-11-03 17:00:55', '0', 'CMUH3'),
('53295016368177442', '文昌91', '5480-GT', '4', '2020-11-03 17:24:54', '0', 'CMUH3'),
('54618265239771340', '東山93', '0367-FD', '1', '2020-11-03 16:59:52', '0', 'TVGH1'),
('56772514921383064', '四平92', '2677-YR', '3', '2020-11-03 16:59:42', '0', 'CMUH3'),
('57125471968403236', '文昌91', '5480-GT', '5', '2020-11-03 17:01:05', '0', 'CMUH3'),
('58224577031661439', '文昌91', '5480-GT', '4', '2020-11-03 17:00:17', '0', 'CCH2'),
('60548253763217491', '東山93', '0367-FD', '2', '2020-11-03 17:24:24', '0', 'CCH2'),
('63515936874047212', '文昌91', '5480-GT', '2', '2020-11-03 17:00:32', '0', 'CCH2'),
('64551377292016348', '東山93', '0367-FD', '3', '2020-11-03 17:22:32', '0', 'LSH4'),
('70628364139125475', '東山93', '0367-FD', '5', '2020-11-03 17:25:25', '0', 'TVGH1'),
('72955041336284761', '中山91', '2357-YR', '5', '2020-11-03 17:25:40', '0', 'LSH4'),
('73043468672125591', '中山91', '2357-YR', '1', '2020-11-03 17:00:50', '0', 'CCH2'),
('74625785932140361', '四平92', '2677-YR', '1', '2020-11-03 17:00:12', '0', 'TVGH1'),
('76130344226518957', '東山93', '0367-FD', '1', '2020-11-03 17:24:39', '0', 'LSH4'),
('78435245616071932', '文昌91', '5480-GT', '3', '2020-11-03 17:00:02', '0', 'CCH2'),
('85347266117204395', '東山93', '0367-FD', '5', '2020-11-03 17:25:19', '0', 'CMUH3'),
('86109755424736132', '中山91', '2357-YR', '2', '2020-11-03 17:25:09', '0', 'CCH2'),
('91336270427684155', '東山93', '0367-FD', '2', '2020-11-03 17:00:39', '0', 'CMUH3'),
('91623144576872035', '東山93', '0367-FD', '3', '2020-11-03 17:01:25', '0', 'CCH2');

-- --------------------------------------------------------

--
-- 表的结构 `vreport`
--

CREATE TABLE `vreport` (
  `v_Id` varchar(20) NOT NULL,
  `v_Status` varchar(10) NOT NULL,
  `v_Lmplement` varchar(10) NOT NULL,
  `v_Problem` varchar(100) NOT NULL,
  `v_Age` int(3) NOT NULL,
  `v_Gender` varchar(3) NOT NULL
) ENGINE=InnoDB DEFAULT CHARSET=utf8mb4;

--
-- 转存表中的数据 `vreport`
--

INSERT INTO `vreport` (`v_Id`, `v_Status`, `v_Lmplement`, `v_Problem`, `v_Age`, `v_Gender`) VALUES
('16154842265337709', '正常呼吸', '無', '呼吸系統_呼吸短促輕度呼吸窘迫SpOtu(92-94%)', 12, '女'),
('56772514921383064', '正常呼吸', '無', '呼吸系統_呼吸短促輕度呼吸窘迫SpOtu(92-94%)', 12, '男'),
('37192641634057528', '正常呼吸', '無', '呼吸系統_呼吸短促輕度呼吸窘迫SpOtu(92-94%)', 12, '女'),
('54618265239771340', '正常呼吸', '無', '呼吸系統_呼吸短促輕度呼吸窘迫SpOtu(92-94%)', 12, '女'),
('44681260733579152', '正常呼吸', '無', '呼吸系統_呼吸短促輕度呼吸窘迫SpOtu(92-94%)', 18, '男'),
('78435245616071932', '正常呼吸', '無', '呼吸系統_呼吸短促輕度呼吸窘迫SpOtu(92-94%)', 12, '男'),
('42271930567485631', '正常呼吸', '無', '呼吸系統_呼吸短促輕度呼吸窘迫SpOtu(92-94%)', 18, '男'),
('74625785932140361', '正常呼吸', '無', '呼吸系統_呼吸短促輕度呼吸窘迫SpOtu(92-94%)', 18, '女'),
('58224577031661439', '正常呼吸', '無', '呼吸系統_呼吸短促輕度呼吸窘迫SpOtu(92-94%)', 12, '男'),
('36916503721587442', '正常呼吸', '無', '呼吸系統_呼吸短促輕度呼吸窘迫SpOtu(92-94%)', 12, '女'),
('31534275608761492', '正常呼吸', '無', '呼吸系統_呼吸短促輕度呼吸窘迫SpOtu(92-94%)', 12, '女'),
('63515936874047212', '正常呼吸', '無', '呼吸系統_呼吸短促輕度呼吸窘迫SpOtu(92-94%)', 12, '男'),
('21605596348473721', '正常呼吸', '無', '呼吸系統_呼吸短促輕度呼吸窘迫SpOtu(92-94%)', 18, '男'),
('91336270427684155', '正常呼吸', '無', '呼吸系統_呼吸短促輕度呼吸窘迫SpOtu(92-94%)', 12, '男'),
('30158162673745294', '正常呼吸', '無', '呼吸系統_呼吸短促輕度呼吸窘迫SpOtu(92-94%)', 12, '男'),
('73043468672125591', '正常呼吸', '無', '呼吸系統_呼吸短促輕度呼吸窘迫SpOtu(92-94%)', 12, '女'),
('52707452836419631', '正常呼吸', '無', '呼吸系統_呼吸短促輕度呼吸窘迫SpOtu(92-94%)', 12, '男'),
('27932154437668015', '正常呼吸', '無', '呼吸系統_呼吸短促輕度呼吸窘迫SpOtu(92-94%)', 18, '女'),
('57125471968403236', '正常呼吸', '無', '呼吸系統_呼吸短促輕度呼吸窘迫SpOtu(92-94%)', 18, '女'),
('26560812197357344', '正常呼吸', '無', '呼吸系統_呼吸短促輕度呼吸窘迫SpOtu(92-94%)', 18, '男'),
('08162976147432535', '正常呼吸', '無', '呼吸系統_呼吸短促輕度呼吸窘迫SpOtu(92-94%)', 12, '女'),
('45416873962710235', '正常呼吸', '無', '呼吸系統_呼吸短促輕度呼吸窘迫SpOtu(92-94%)', 18, '男'),
('91623144576872035', '正常呼吸', '無', '呼吸系統_呼吸短促輕度呼吸窘迫SpOtu(92-94%)', 12, '男'),
('64551377292016348', '正常呼吸', '無', '呼吸系統_呼吸短促輕度呼吸窘迫SpOtu(92-94%)', 12, '女'),
('37416329541520687', '正常呼吸', '無', '呼吸系統_呼吸短促輕度呼吸窘迫SpOtu(92-94%)', 18, '男'),
('60548253763217491', '正常呼吸', '無', '呼吸系統_呼吸短促輕度呼吸窘迫SpOtu(92-94%)', 18, '女'),
('38221456679347051', '正常呼吸', '無', '呼吸系統_呼吸短促輕度呼吸窘迫SpOtu(92-94%)', 18, '女'),
('29667515842433170', '正常呼吸', '無', '呼吸系統_呼吸短促輕度呼吸窘迫SpOtu(92-94%)', 12, '女'),
('76130344226518957', '正常呼吸', '無', '呼吸系統_呼吸短促輕度呼吸窘迫SpOtu(92-94%)', 18, '男'),
('14367781690325254', '正常呼吸', '無', '呼吸系統_呼吸短促輕度呼吸窘迫SpOtu(92-94%)', 18, '男'),
('14357512864267390', '正常呼吸', '無', '呼吸系統_呼吸短促輕度呼吸窘迫SpOtu(92-94%)', 12, '女'),
('53295016368177442', '正常呼吸', '無', '呼吸系統_呼吸短促輕度呼吸窘迫SpOtu(92-94%)', 12, '女'),
('41895334225061767', '正常呼吸', '無', '呼吸系統_呼吸短促輕度呼吸窘迫SpOtu(92-94%)', 12, '女'),
('34028171439257656', '正常呼吸', '無', '呼吸系統_呼吸短促輕度呼吸窘迫SpOtu(92-94%)', 12, '女'),
('86109755424736132', '正常呼吸', '無', '呼吸系統_呼吸短促輕度呼吸窘迫SpOtu(92-94%)', 18, '女'),
('12963283174547605', '正常呼吸', '無', '呼吸系統_呼吸短促輕度呼吸窘迫SpOtu(92-94%)', 12, '女'),
('85347266117204395', '正常呼吸', '無', '呼吸系統_呼吸短促輕度呼吸窘迫SpOtu(92-94%)', 12, '女'),
('70628364139125475', '正常呼吸', '無', '呼吸系統_呼吸短促輕度呼吸窘迫SpOtu(92-94%)', 18, '女'),
('45067193422837651', '正常呼吸', '無', '呼吸系統_呼吸短促輕度呼吸窘迫SpOtu(92-94%)', 12, '男'),
('27529403864311765', '正常呼吸', '無', '呼吸系統_呼吸短促輕度呼吸窘迫SpOtu(92-94%)', 18, '女'),
('72955041336284761', '正常呼吸', '無', '呼吸系統_呼吸短促輕度呼吸窘迫SpOtu(92-94%)', 12, '男'),
('22774186395510364', '正常呼吸', '無', '呼吸系統_呼吸短促輕度呼吸窘迫SpOtu(92-94%)', 18, '女'),
('48631125256739047', '正常呼吸', '無', '呼吸系統_呼吸短促輕度呼吸窘迫SpOtu(92-94%)', 18, '女');

--
-- 转储表的索引
--

--
-- 表的索引 `member`
--
ALTER TABLE `member`
  ADD PRIMARY KEY (`m_account`);

--
-- 表的索引 `report`
--
ALTER TABLE `report`
  ADD PRIMARY KEY (`r_Id`);
COMMIT;

/*!40101 SET CHARACTER_SET_CLIENT=@OLD_CHARACTER_SET_CLIENT */;
/*!40101 SET CHARACTER_SET_RESULTS=@OLD_CHARACTER_SET_RESULTS */;
/*!40101 SET COLLATION_CONNECTION=@OLD_COLLATION_CONNECTION */;
